SCHOOL,ID,NCAA,F4
"University at Albany, SUNY (Albany or UAlbany)",196060,"(5) 2006, 2007, 2013, 2014, 2015",0
Binghamton University,196079,(1) 2009,0
University of Hartford[a],129525,(1) 2021,0
University of Maine (alternately UMaine),161253,0,0
"University of Maryland, Baltimore County (UMBC)",163268,"(2) 2008, 2018",0
University of Massachusetts Lowell (UMass Lowell),166513,0,0
University of New Hampshire,183044,0,0
New Jersey Institute of Technology (NJIT),185828,0,0
Stony Brook University,196097,(1) 2016,0
University of Vermont,231174,"(7) 2003, 2004, 2005, 2010, 2012, 2017, 2019",0
University of Central Florida (UCF),132903,"(5) 1994, 1996, 2004, 2005, 2019",0
University of Cincinnati,201885,"(33) 1958, 1959, 1960, 1961, 1962, 1963, 1966, 1975, 1976, 1977, 1992, 1993, 1994, 1995, 1996, 1997, 1998, 1999, 2000, 2001, 2002, 2003, 2004, 2005, 2011, 2012, 2013, 2014, 2015, 2016, 2017, 2018, 2019","(6) 1959, 1960, 1961, 1962, 1963, 1992"
East Carolina University,198464,"(2) 1972, 1993",0
University of Houston,225511,"(21) 1956, 1961, 1965, 1966, 1967, 1968, 1970, 1971, 1972, 1973, 1978, 1981, 1983, 1984, 1987, 1990, 1992, 2010, 2018, 2019, 2021","(6) 1967, 1968, 1982, 1983, 1984, 2021"
University of Memphis,220862,"(26) 1955, 1956, 1962, 1973, 1976, 1982*, 1983*, 1984*, 1985*, 1986*, 1988, 1989, 1992, 1993, 1995, 1996, 2003, 2004, 2006, 2007, 2008*, 2009, 2011, 2012, 2013, 2014","(3) 1973, 1985*, 2008*"
University of South Florida (alternately USF),448840,"(3) 1990, 1992, 2012",0
Southern Methodist University (SMU),228246,"(12) 1955, 1956, 1957, 1965, 1966, 1967, 1984, 1985, 1988, 1993, 2015, 2017",(1) 1956
Temple University,216339,"(32) 1944, 1956, 1958, 1964, 1967, 1970, 1972, 1979, 1984, 1985, 1986, 1987, 1988, 1990, 1991, 1992, 1993, 1994, 1995, 1996, 1997, 1998, 1999, 2000, 2001, 2008, 2009, 2010, 2011, 2012, 2013, 2016, 2019","(2) 1956, 1958"
Tulane University,160755,"(3) 1992, 1993, 1995",0
University of Tulsa,207971,"(16) 1955, 1982, 1984, 1985, 1986, 1987, 1994, 1995, 1996, 1997, 1999, 2000, 2002, 2003, 2014, 2016",0
Wichita State University,156125,"(16) 1964, 1965, 1976, 1981, 1985, 1987, 1988, 2006, 2012, 2013, 2014, 2015, 2016, 2017, 2018, 2021","(2) 1965, 2013"
Boston College,164924,"(18) 1958, 1967, 1968, 1975, 1981, 1982, 1983, 1985, 1994, 1996, 1997, 2001, 2002, 2004, 2005, 2006, 2007, 2009",0
Clemson University,217882,"(13) 1980, 1987, 1989, 1990, 1996, 1997, 1998, 2008, 2009, 2010, 2011, 2018, 2021",0
Duke University,198419,"(43) 1955, 1960, 1963, 1964, 1966, 1978, 1979, 1980, 1984, 1985, 1986, 1987, 1988, 1989, 1990, 1991, 1992, 1993, 1994, 1996, 1997, 1998, 1999, 2000, 2001, 2002, 2003, 2004, 2005, 2006, 2007, 2008, 2009, 2010, 2011, 2012, 2013, 2014, 2015, 2016, 2017, 2018, 2019","(16) 1963, 1964, 1966, 1978, 1986, 1988, 1989, 1990, 1991, 1992, 1994, 1999, 2001, 2004, 2010, 2015"
Florida State University,134097,"(18) 1968, 1972, 1978, 1980, 1988, 1989, 1991, 1992, 1993, 1998, 2009, 2010, 2011, 2012, 2017, 2018, 2019, 2021",(1) 1972
Georgia Institute of Technology (Georgia Tech),139755,"(17) 1960, 1985, 1986, 1987, 1988, 1989, 1990, 1991, 1992, 1993, 1996, 2001, 2004, 2005, 2007, 2010, 2021","(2) 1990, 2004"
University of Louisville,157289,"(43) 1951, 1959, 1961, 1964, 1967, 1968, 1972, 1974, 1975, 1977, 1978, 1979, 1980, 1981, 1982, 1983, 1984, 1986, 1988, 1989, 1990, 1992, 1993, 1994, 1995, 1996, 1997, 1999, 2000, 2003, 2004, 2005, 2007, 2008, 2009, 2010, 2011, 2012, 2013, 2014, 2015, 2017, 2019","(10) 1959, 1972, 1975, 1980, 1982, 1983, 1986, 2005, 2012*vacated, 2013*vacated"
University of Miami (often Miami (FL)),135726,"(10) 1960, 1998, 1999, 2000, 2002, 2008, 2013, 2016, 2017, 2018",0
University of North Carolina at Chapel Hill (North Carolina),199120,"(50) 1941, 1946, 1957, 1959, 1967, 1968, 1969, 1972, 1975, 1976, 1977, 1978, 1979, 1980, 1981, 1982, 1983, 1984, 1985, 1986, 1987, 1988, 1989, 1990, 1991, 1992, 1993, 1994, 1995, 1996, 1997, 1998, 1999, 2000, 2001, 2004, 2005, 2006, 2007, 2008, 2009, 2011, 2012, 2013, 2014, 2015, 2016, 2017, 2018, 2019, 2021","(20) 1946, 1957, 1967, 1968, 1969, 1972, 1977, 1981, 1982, 1991, 1993, 1995, 1997, 1998, 2000, 2005, 2008, 2009, 2016, 2017, 2018"
North Carolina State University (NC State),199193,"(27) 1950, 1951, 1952, 1954, 1956, 1965, 1970, 1974, 1980, 1982, 1983, 1985, 1986, 1987, 1988, 1989, 1991, 2002, 2003, 2004, 2005, 2006, 2012, 2013, 2014, 2015, 2018","(3) 1950, 1974, 1983"
University of Notre Dame,152080,"(37) 1953, 1954, 1957, 1958, 1960, 1963, 1965, 1969, 1970, 1971, 1974, 1975, 1976, 1977, 1978, 1979, 1980, 1981, 1985, 1986, 1987, 1988, 1989, 1990, 2001, 2002, 2003, 2007, 2008, 2010, 2011, 2012, 2013, 2015, 2016, 2017",(1) 1978
University of Pittsburgh (alternately Pitt),215293,"(26) 1941, 1957, 1958, 1963, 1974, 1981, 1982, 1985, 1987, 1988, 1989, 1991, 1993, 2002, 2003, 2004, 2005, 2006, 2007, 2008, 2009, 2010, 2011, 2013, 2014, 2016",(1) 1941
Syracuse University,196413,"(41) 1957, 1966, 1973, 1974, 1975, 1976, 1977, 1978, 1979, 1980, 1983, 1984, 1985, 1986, 1987, 1988, 1989, 1990, 1991, 1992, 1994, 1995, 1996, 1998, 1999, 2000, 2001, 2003, 2004, 2005, 2006, 2009, 2010, 2011, 2012, 2013, 2014, 2016, 2018, 2019, 2021","(6) 1975, 1987, 1996, 2003, 2013, 2016"
University of Virginia,234076,"(25) 1976, 1981, 1982, 1983, 1984, 1986, 1987, 1989, 1990, 1991, 1993, 1994, 1995, 1997, 2001, 2007, 2012, 2014, 2015, 2016, 2017, 2018, 2019, 2021","(3) 1981, 1984, 2019"
Virginia Polytechnic Institute and State University (Virginia Tech),233921,"(12) 1967, 1976, 1979, 1980, 1985, 1986, 1996, 2007, 2017, 2018, 2019, 2021",0
Wake Forest University,199847,"(24) 1939, 1953, 1961, 1962, 1977, 1981, 1982, 1984, 1991, 1992, 1993, 1994, 1995, 1996, 1997, 2001, 2002, 2003, 2004, 2005, 2009, 2010, 2017",(1) 1962
Bellarmine University[d],156286,0,0
University of Central Arkansas,106704,0,0
Eastern Kentucky University,156620,"(8) 1953, 1959, 1965, 1972, 1979, 2005, 2007,2014",0
Florida Gulf Coast University (alternately FGCU),433660,"(3) 2013, 2016, 2017",0
Jacksonville University,134945,"(5) 1970, 1971, 1973, 1979, 1986",(1) 1970
Jacksonville State University,101480,(1) 2017,0
Kennesaw State University,486840,0,0
Liberty University,232557,"(5) 1994, 2004, 2013, 2019, 2021",0
Lipscomb University,219976,(1) 2018,0
University of North Alabama[f],101879,0,0
University of North Florida,136172,(1) 2015,0
Stetson University,137546,0,0
Davidson College,198385,"(13) 1966, 1968, 1969, 1970, 1986, 1998, 2002, 2006, 2007, 2008, 2012, 2013, 2018",0
University of Dayton,202480,"(19) 1952, 1965, 1966, 1967, 1969, 1970, 1974, 1984, 1985, 1990, 2000, 2003, 2004, 2009, 2014, 2015, 2016, 2017",(1) 1967
Duquesne University,212106,"(5) 1940, 1952, 1969, 1971, 1977",(1) 1940
Fordham University,191241,"(4) 1953, 1954, 1971, 1992",0
George Mason University,232186,"(6) 1989, 1999, 2001, 2006, 2008, 2011",(1) 2006
George Washington University,131469,"(11) 1954, 1961, 1993, 1994, 1996, 1998, 1999, 2005, 2006, 2007, 2014",0
La Salle University,213367,"(12) 1954, 1955, 1968, 1975, 1978, 1980, 1983, 1988, 1989, 1990, 1992, 2013","(2) 1954, 1955"
University of Massachusetts Amherst (UMass),166629,"(9) 1962, 1992, 1993, 1994, 1995, 1996*, 1997, 1998, 2014",(1) 1996*
University of Rhode Island,217484,"(10) 1961, 1966, 1978, 1988, 1993, 1997, 1998, 1999, 2017, 2018",0
University of Richmond,233374,"(9) 1984, 1986, 1988, 1990, 1991, 1998, 2004, 2010, 2011",0
St. Bonaventure University,195164,"(8) 1961, 1968, 1970, 1978, 2000, 2012, 2018, 2021",(1) 1970
Saint Joseph's University,215770,"(21) 1959, 1960, 1961, 1962, 1963, 1965, 1966, 1969, 1971, 1973, 1974, 1981, 1982, 1986, 1997, 2001, 2003, 2004, 2008, 2014, 2016",(1) 1961
Saint Louis University,179159,"(10) 1952, 1957, 1994, 1995, 1998, 2000, 2012, 2013, 2014, 2019",0
Virginia Commonwealth University (VCU),234030,"(19) 1980, 1981, 1983, 1984, 1985, 1996, 2004, 2007, 2009, 2011, 2012, 2013, 2014, 2015, 2016, 2017, 2019, 2021",(1) 2011
Butler University,150163,"(17) 1962, 1997, 1998, 2000, 2001, 2003, 2007, 2008, 2009, 2010, 2011, 2013, 2015, 2016, 2017, 2018","(2) 2010, 2011"
Creighton University,181002,"(22) 1941, 1962, 1964, 1974, 1975, 1978, 1981, 1989, 1991, 1999, 2000, 2001, 2002, 2003, 2005, 2007, 2012, 2013, 2014, 2017, 2018, 2021",0
DePaul University,144740,"(22) 1943, 1953, 1956, 1959, 1960, 1965, 1976, 1978, 1979, 1980, 1981, 1982, 1984, 1985, 1986*, 1987*, 1988*, 1989*, 1991, 1992, 2000, 2004","(2) 1943, 1979"
Georgetown University,131496,"(31) 1943, 1975, 1976, 1979, 1980, 1981, 1982, 1983, 1984, 1985, 1986, 1987, 1988, 1989, 1990, 1991, 1992, 1994, 1995, 1996, 1997, 2001, 2006, 2007, 2008, 2010, 2011, 2012, 2013, 2021","(5) 1943, 1982, 1984, 1985, 2007"
Marquette University,239105,"(33) 1955, 1959, 1961, 1968, 1969, 1971, 1972, 1973, 1974, 1975, 1976, 1977, 1978, 1979, 1980, 1982, 1983, 1993, 1994, 1996, 1997, 2002, 2003, 2006, 2007, 2008, 2009, 2010, 2011, 2012, 2013, 2017, 2019","(3) 1974, 1977, 2003"
Providence College,217402,"(21) 1964, 1965, 1966, 1972, 1973, 1974, 1977, 1978, 1987, 1989, 1990, 1994, 1997, 2001, 2004, 2014, 2015, 2016, 2017, 2018","(2) 1973, 1987"
St. John's University,195809,"(31) 1951, 1952, 1961, 1967, 1968, 1969, 1973, 1976, 1977, 1978, 1979, 1980, 1982, 1983, 1984, 1985, 1986, 1987, 1988, 1990, 1991, 1992, 1993, 1998, 1999, 2000, 2002, 2011, 2015, 2019","(2) 1952, 1985"
Seton Hall University,186584,"(13) 1988, 1989, 1991, 1992, 1993, 1994, 2000, 2004, 2006, 2016, 2017, 2018, 2019",(1) 1989
University of Connecticut (UConn),129020,"(34) 1951, 1954, 1956, 1957, 1958, 1959, 1960, 1963, 1964, 1965, 1967, 1976, 1979, 1990, 1991, 1992, 1994, 1995, 1996, 1998, 1999, 2000, 2002, 2003, 2004, 2005, 2006, 2008, 2009, 2011, 2012, 2014, 2016, 2021","(5) 1999, 2004, 2009, 2011, 2014"
Villanova University,216597,"(42) 1939, 1949, 1951, 1955, 1962, 1964, 1969, 1970, 1971*, 1972, 1978, 1980, 1981, 1982, 1983, 1984, 1985, 1986, 1988, 1990, 1991, 1995, 1996, 1997, 1999, 2005, 2006, 2007, 2008, 2009, 2010, 2011, 2013, 2014, 2015, 2016, 2017, 2018, 2019, 2021","(6) 1939, 1971*, 1985, 2009, 2016, 2018"
Xavier University,206622,"(28) 1961, 1983, 1986, 1987, 1988, 1989, 1990, 1991, 1993, 1995, 1997, 1998, 2001, 2002, 2003, 2004, 2006, 2007, 2008, 2009, 2010, 2011, 2012, 2014, 2015, 2016, 2017, 2018",0
Eastern Washington University,235097,"(3) 2004, 2015, 2021",0
University of Idaho,142285,"(4) 1981, 1982, 1989, 1990",0
Idaho State University,142276,"(10) 1953, 1954, 1955, 1956. 1957, 1958, 1959, 1974, 1977, 1987",0
University of Montana,180489,"(12) 1975, 1991, 1992, 1997, 2002, 2005, 2006, 2010, 2012, 2013, 2018, 2019",0
Montana State University,180179,"(3) 1951, 1986, 1996",0
Northern Arizona University,105330,"(2) 1998, 2000",0
University of Northern Colorado,127741,(1) 2011,0
Portland State University,209807,"(2) 2008, 2009",0
"California State University, Sacramento (Sacramento State)",110617,0,0
Southern Utah University,230603,(1) 2001,0
Weber State University,230782,"(15) 1968, 1969, 1970, 1971, 1972, 1973, 1978, 1979, 1980, 1983, 1995, 1999, 2003, 2007, 2014, 2016",0
Campbell University,198136,(1) 1992,0
Charleston Southern University,217688,(1) 1997,0
Gardner–Webb University,198561,(1) 2019,0
Hampton University,232265,"(6) 2001, 2002, 2006, 2011, 2015, 2016",0
High Point University,198695,0,0
Longwood University,232566,0,0
North Carolina Agricultural and Technical State University (North Carolina A&T),199102,"(10) 1982, 1983, 1984, 1985, 1986, 1987, 1988, 1994, 1995, 2013",0
Presbyterian College,218539,0,0
Radford University,233277,"(3) 1998, 2009, 2018",0
University of North Carolina at Asheville (UNC Asheville),199111,"(4) 2003, 2011, 2012, 2016",0
University of South Carolina Upstate (USC Upstate),218742,0,0
Winthrop University,218964,"(11) 1999, 2000, 2001, 2002, 2005, 2006, 2007, 2008, 2010, 2017, 2021",0
University of Illinois at Urbana–Champaign (Illinois),145637,"(31) 1942, 1949, 1951, 1952, 1963, 1981, 1983, 1984, 1985, 1986, 1987, 1988, 1989, 1990, 1993, 1994, 1995, 1997, 1998, 2000, 2001, 2002, 2003, 2004, 2005, 2006, 2007, 2009, 2011, 2013, 2021","(5) 1949, 1951, 1952, 1989, 2005"
Indiana University Bloomington (Indiana),151351,"(47) 1940, 1953, 1954, 1958, 1967, 1973, 1975, 1976, 1978, 1980, 1981, 1982, 1983, 1984, 1986, 1987, 1988, 1989, 1990, 1991, 1992, 1993, 1994, 1995, 1996, 1997, 1998, 1999, 2000, 2001, 2002, 2003, 2006, 2007, 2008, 2012, 2013, 2015, 2016","(8) 1940, 1953, 1973, 1976, 1981, 1987, 1992, 2002"
University of Iowa,153658,"(26) 1955, 1956, 1970, 1979, 1980, 1981, 1982, 1983, 1985, 1986, 1987, 1988, 1989, 1991, 1992, 1993, 1996, 1997, 1999, 2001, 2005, 2006, 2014, 2016, 2019, 2021","(3) 1955, 1956, 1980"
"University of Maryland, College Park (Maryland)",163286,"(27) 1958, 1973, 1975, 1980, 1981, 1983, 1984, 1985, 1986, 1988*, 1994, 1995, 1996, 1997, 1998, 1999, 2000, 2001, 2002, 2003, 2004, 2007, 2009, 2010, 2016, 2017, 2019, 2021","(2) 2001, 2002"
University of Michigan,170976,"(30) 1948, 1964, 1965, 1966, 1974, 1975, 1976, 1977, 1985, 1986, 1987, 1988, 1989, 1990, 1992*, 1993*, 1994, 1995, 1996*, 1998*, 2009, 2011, 2012, 2013, 2014, 2016, 2017, 2018, 2019, 2021","(8) 1964, 1965, 1976, 1989, 1992*, 1993*, 2013, 2018"
Michigan State University,171100,"(34) 1957, 1959, 1978, 1979, 1985, 1986, 1990, 1991, 1992, 1994, 1995, 1998, 1999, 2000, 2001, 2002, 2003, 2004, 2005, 2006, 2007, 2008, 2009, 2010, 2011, 2012, 2013, 2014, 2015, 2016, 2017, 2018, 2019, 2021","(10) 1957, 1979, 1999, 2000, 2001, 2005, 2009, 2010, 2015, 2019"
University of Minnesota,174066,"(14) 1972, 1982, 1989, 1990, 1994*, 1995*, 1997*, 1999*, 2005, 2009, 2010, 2013, 2017, 2019",(1) 1997*
University of Nebraska–Lincoln (Nebraska),181464,"(7) 1986, 1991, 1992, 1993, 1994, 1998, 2014",0
Northwestern University,147767,(1) 2017,0
Ohio State University,204796,"(29) 1939, 1944, 1945, 1946, 1950, 1960, 1961, 1962, 1968, 1971, 1980, 1982, 1983, 1985, 1987, 1990, 1991, 1992, 2006, 2007, 2009, 2010, 2011, 2012, 2013, 2014, 2018, 2019, 2021","(10) 1939, 1944, 1945, 1946, 1960, 1961, 1962, 1968, 2007, 2012"
Pennsylvania State University (Penn State),214777,"(9) 1942, 1952, 1954, 1955, 1965, 1991, 1996, 2001, 2011",(1) 1954
Purdue University,243780,"(32) 1969, 1977, 1980, 1983, 1984, 1985, 1986, 1987, 1988, 1990, 1991, 1993, 1994, 1995, 1996, 1997, 1998, 1999, 2000, 2003, 2007, 2008, 2009, 2010, 2011, 2012, 2015, 2016, 2017, 2018, 2019, 2021","(2) 1969, 1980"
Rutgers University–New Brunswick (Rutgers),186380,"(7) 1975, 1976, 1979, 1983, 1989, 1991, 2021",(1) 1976
University of Wisconsin–Madison (Wisconsin),240444,"(25) 1941, 1947, 1994, 1997, 1999, 2000, 2001, 2002, 2003, 2004, 2005, 2006, 2007, 2008, 2009, 2010, 2011, 2012, 2013, 2014, 2015, 2016, 2017, 2019, 2021","(4) 1941, 2000, 2014, 2015"
Baylor University,223232,"(13) 1946, 1948, 1950, 1988, 2008, 2010, 2012, 2014, 2015, 2016, 2017, 2019, 2021","(3) 1948, 1950, 2021"
Iowa State University,153603,"(20) 1944, 1985, 1986, 1988, 1989, 1992, 1993, 1995, 1996, 1997, 2000, 2001, 2005, 2012, 2013, 2014, 2015, 2016, 2017, 2019",(1) 1944
University of Kansas,155317,"(49) 1940, 1942, 1952, 1953, 1957, 1960, 1966, 1967, 1971, 1974, 1975, 1978, 1981, 1984, 1985, 1986, 1987, 1988, 1990, 1991, 1992, 1993, 1994, 1995, 1996, 1997, 1998, 1999, 2000, 2001, 2002, 2003, 2004, 2005, 2006, 2007, 2008, 2009, 2010, 2011, 2012, 2013, 2014, 2015, 2016, 2017, 2018, 2019, 2021","(15) 1940, 1952, 1953, 1957, 1971, 1974, 1986, 1988, 1991, 1993, 2002, 2003, 2008, 2012, 2018"
Kansas State University,155399,"(31) 1948, 1951, 1956, 1958, 1959, 1961, 1964, 1968, 1970, 1972, 1973, 1975, 1977, 1980, 1981, 1982, 1987, 1988, 1989, 1990, 1993, 1996, 2008, 2010, 2011, 2012, 2013, 2014, 2017, 2018, 2019","(4) 1948, 1951, 1958, 1964"
University of Oklahoma,207500,"(34) 1939, 1943, 1947, 1979, 1982, 1983, 1984, 1985, 1986, 1987, 1988, 1989, 1990, 1992, 1995, 1996, 1997, 1998, 1999, 2000, 2001, 2002, 2003, 2005, 2006, 2008, 2009, 2013, 2014, 2015, 2016, 2018, 2019, 2021","(5) 1939, 1947, 1988, 2002, 2016"
Oklahoma State University–Stillwater,207388,"(29) 1945, 1946, 1949, 1951, 1953, 1954, 1958, 1965, 1983, 1991, 1992, 1993, 1994, 1995, 1998, 1999, 2000, 2001, 2002, 2003, 2004, 2005, 2009, 2010, 2013, 2014, 2015, 2017, 2021","(6) 1945, 1946, 1949, 1951, 1995, 2004"
University of Texas at Austin (Texas),228778,"(35) 1939, 1943, 1947, 1960, 1963, 1972, 1974, 1979, 1989, 1990, 1991, 1992, 1994, 1995, 1996, 1997, 1999, 2000, 2001, 2002, 2003, 2004, 2005, 2006, 2007, 2008, 2009, 2010, 2011, 2012, 2014, 2015, 2016, 2018, 2021","(3) 1943, 1947, 2003"
Texas Christian University (TCU),228875,"(8) 1952, 1953, 1959, 1968, 1971, 1987, 1998, 2018",0
Texas Tech University,229115,"(18) 1954, 1956, 1961, 1962, 1973, 1976, 1985, 1986, 1993, 1996, 2002, 2004, 2005, 2007, 2016, 2018, 2019, 2021",(1) 2019
West Virginia University,238032,"(30) 1955, 1956, 1957, 1958, 1959, 1960, 1962, 1963, 1965, 1967, 1982, 1983, 1984, 1986, 1987, 1989, 1992, 1998, 2005, 2006, 2008, 2009, 2010, 2011, 2012, 2015, 2016, 2017, 2018, 2021","(2) 1959, 2010"
California Polytechnic State University (Cal Poly),110422,(1) 2014,0
"California State University, Bakersfield (CSU Bakersfield or Cal State Bakersfield)",110486,(1) 2016,0
"California State University, Fullerton (Cal State Fullerton)",110565,"(3) 1979, 2008, 2018",0
"California State University, Northridge (Cal State Northridge)",110608,"(2) 2001, 2009",0
University of Hawaiʻi at Mānoa (Hawaii),141574,"(5) 1972, 1994, 2001, 2002, 2016",0
"California State University, Long Beach (Long Beach State)",110583,"(9) 1970, 1971*, 1972*, 1973*, 1977, 1993, 1995, 2007, 2012",0
"University of California, Davis (UC Davis)",110644,(1) 2017,0
"University of California, Irvine (UC Irvine)",110653,"(2) 2015, 2019",0
"University of California, Riverside (UC Riverside)",110671,0,0
"University of California, San Diego (UC San Diego)[d]",110680,0,0
"University of California, Santa Barbara (UC Santa Barbara)",110705,"(6) 1988, 1990, 2002, 2010, 2011, 2021",0
College of Charleston (Charleston),217819,"(5) 1994, 1997, 1998, 1999, 2018",0
University of Delaware,130943,"(5) 1992, 1993, 1998, 1999, 2014",0
Drexel University,212054,"(5) 1986, 1994, 1995, 1996, 2021",0
Elon University,198516,0,0
Hofstra University,191649,"(4) 1976, 1977, 2000, 2001",0
James Madison University,232423,"(5) 1981, 1982, 1983, 1994, 2013",0
Northeastern University,167358,"(9) 1981, 1982, 1984, 1985, 1986, 1987, 1991, 2015, 2019",0
Towson University,164076,"(2) 1990, 1991",0
University of North Carolina at Wilmington (UNCW or UNC Wilmington),199218,"(6) 2000, 2002, 2003, 2006, 2016, 2017",0
College of William & Mary,231624,0,0
University of North Carolina at Charlotte (Charlotte),199139,"(11) 1977, 1988, 1992, 1995, 1997, 1998, 1999, 2001, 2002, 2004, 2005",(1) 1977
Florida Atlantic University (alternately FAU),133669,(1) 2002,0
Florida International University (FIU),133951,(1) 1995,0
Louisiana Tech University,159647,"(5) 1984, 1985, 1987, 1989, 1991",0
Marshall University,237525,"(6) 1956, 1972, 1984, 1985, 1987, 2018",0
Middle Tennessee State University (Middle Tennessee),220978,"(9) 1975, 1977, 1982, 1985, 1987, 1989, 2013, 2016, 2017",0
University of North Texas,227216,"(4) 1988, 2007, 2010, 2021",0
Old Dominion University,232982,"(12) 1980, 1982, 1985, 1986, 1992, 1995, 1997, 2005, 2007, 2010, 2011, 2019",0
Rice University,227757,"(4) 1940, 1942, 1954, 1970",0
University of Southern Mississippi (Southern Miss),176372,"(3) 1990, 1991, 2012",0
University of Alabama at Birmingham (UAB),100663,"(15) 1981, 1982, 1983, 1984, 1985, 1986, 1987, 1990, 1994, 1999, 2004, 2005, 2006, 2011, 2015",0
University of Texas at El Paso (UTEP),228796,"(17) 1963, 1964, 1966, 1967, 1970, 1975, 1984, 1985, 1986, 1987, 1988, 1989, 1990, 1992, 2004, 2005, 2010",(1) 1966
University of Texas at San Antonio (UTSA),229027,"(4) 1988, 1999, 2004, 2011",0
Western Kentucky University (alternately WKU),157951,"(23) 1940, 1960, 1962, 1966, 1967, 1970, 1971*, 1976, 1978, 1980, 1981, 1986, 1987, 1993, 1994, 1995, 2001, 2002, 2003, 2008, 2009, 2012, 2013",(1) 1971*
Cleveland State University,202134,"(3) 1986, 2009, 2021",0
University of Detroit Mercy,169716,"(6) 1962, 1977, 1979, 1998, 1999, 2012",0
Indiana University – Purdue University Indianapolis (IUPUI),151111,(1) 2003,0
University of Wisconsin-Milwaukee (Milwaukee),240453,"(4) 2003, 2005, 2006, 2014",0
Northern Kentucky University,157447,"(2) 2017, 2019",0
Oakland University,171571,"(3) 2005, 2010, 2011",0
Purdue University Fort Wayne (Purdue Fort Wayne),151102,0,0
Robert Morris University,215655,"(8) 1982, 1983, 1989, 1990, 1992, 2009, 2010, 2015",0
University of Illinois at Chicago (UIC),145600,"(3) 1998, 2002, 2004",0
University of Wisconsin–Green Bay (Green Bay),240277,"(5) 1991, 1994, 1995, 1996, 2016",0
Wright State University,206604,"(3) 1993, 2007, 2018",0
Youngstown State University,206695,0,0
Brown University,217156,"(2) 1939, 1986",0
Columbia University,190150,"(3) 1948, 1951, 1968",0
Cornell University,190415,"(5) 1954, 1988, 2008, 2009, 2010",0
Dartmouth College,182670,"(7) 1941, 1942, 1943, 1944, 1956, 1958, 1959","(2) 1942, 1944"
Harvard University,166027,"(5) 1946, 2012, 2013, 2014, 2015",0
University of Pennsylvania (Penn),215062,"(24) 1953, 1970, 1971, 1972, 1973, 1974, 1975, 1978, 1979, 1980, 1982, 1985, 1987, 1993, 1994, 1995, 1999, 2000, 2002, 2003, 2005, 2006, 2007, 2018",(1) 1979
Princeton University,186131,"(25) 1952, 1955, 1960, 1961, 1963, 1964, 1965, 1967, 1969, 1976, 1977, 1981, 1983, 1984, 1989, 1990, 1991, 1992, 1996, 1997, 1998, 2001, 2004, 2011, 2017",(1) 1965
Yale University,130794,"(5) 1949, 1957, 1962, 2016, 2019",0
Canisius College,189705,"(4) 1955, 1956, 1957, 1996",0
Fairfield University,129242,"(6) 1960, 1961, 1962, 1986, 1987, 1997",0
Iona College,191931,"(15) 1979, 1980, 1984, 1985, 1998, 2000, 2001, 2006, 2012, 2013, 2016, 2017, 2018, 2019, 2021",0
Manhattan College,192703,"(8) 1956, 1958, 1993, 1995, 2003, 2004, 2014, 2015",0
Marist College,192819,"(2) 1986, 1987",0
Monmouth University,185572,"(4) 1996, 2001, 2004, 2006",0
Niagara University,193973,"(3) 1970, 2005, 2007",0
Quinnipiac University,130226,0,0
Rider University,186283,"(3) 1984, 1993, 1994",0
Saint Peter's University,186432,"(3) 1991, 1995, 2011",0
Siena College,195474,"(6) 1989, 1999, 2002, 2008, 2009, 2010",0
University of Akron,200800,"(4) 1986, 2009, 2011, 2013",0
Ball State University,150136,"(7) 1981, 1986, 1989, 1990, 1993, 1995, 2000",0
Bowling Green State University (Bowling Green),201441,"(4) 1959, 1962, 1963, 1968",0
University at Buffalo,196088,"(4) 2015, 2016, 2018, 2019",0
Central Michigan University,169248,"(4) 1975, 1977, 1987, 2003",0
Eastern Michigan University,169798,"(4) 1988, 1991, 1996, 1998",0
Kent State University,203517,"(6) 1999, 2001, 2002, 2006, 2008, 2017",0
Miami University (Miami (OH)),204024,"(17) 1953, 1955, 1957, 1958, 1966, 1969, 1971, 1973, 1978, 1984, 1985, 1986, 1992, 1995, 1997, 1999, 2007",0
Northern Illinois University (alternately NIU),147703,"(3) 1982, 1991, 1996",0
Ohio University,204857,"(14) 1960, 1961, 1964, 1965, 1970, 1972, 1974, 1983, 1985, 1994, 2005, 2010, 2012, 2021",0
University of Toledo,206084,"(4) 1954, 1967, 1979, 1980",0
Western Michigan University,172699,"(4) 1976, 1998, 2004, 2014",0
Coppin State University,162283,"(4) 1990, 1993, 1997, 2008",0
Delaware State University,130934,(1) 2005,0
Howard University,131520,"(2) 1981, 1992",0
University of Maryland Eastern Shore (UMES),163338,0,0
Morgan State University,163453,"(2) 2009, 2010",0
Norfolk State University,232937,"(2) 2012, 2021",0
North Carolina Central University (alternately NCCU),199157,"(4) 2014, 2017, 2018, 2019",0
South Carolina State University (alternately SC State),218733,"(5) 1989, 1996, 1998, 2000, 2003",0
Bradley University,143358,"(9) 1950, 1954, 1955, 1980, 1986, 1988, 1996, 2006, 2019","(2) 1950, 1954"
Drake University,153269,"(5) 1969, 1970, 2001, 2008, 2021",(1) 1969
University of Evansville,150534,"(5) 1982, 1989, 1992, 1993, 1999",0
Illinois State University,145813,"(6) 1983, 1984, 1985, 1990, 1997, 1998",0
Indiana State University,151324,"(4) 1979, 2000, 2001, 2011",(1) 1979
Loyola University Chicago (Loyola–Chicago),146719,"(7) 1963, 1964, 1966, 1968, 1985, 2018, 2021","(2) 1963, 2018"
Missouri State University,179566,"(6) 1987, 1988, 1989, 1990, 1992, 1999",0
University of Northern Iowa (alternately UNI),154095,"(8) 1990, 2004, 2005, 2006, 2009, 2010, 2015, 2016",0
Southern Illinois University Carbondale (Southern Illinois),149222,"(10) 1977, 1993, 1994, 1995, 2002, 2003, 2004, 2005, 2006, 2007",0
Valparaiso University,152600,"(9) 1996, 1997, 1998, 1999, 2000, 2002, 2004, 2013, 2015",0
United States Air Force Academy (Air Force),128328,"(4) 1960, 1962, 2004, 2006",0
Boise State University,142115,"(6) 1976, 1988, 1993, 1994, 2008, 2013",0
Colorado State University,126818,"(10) 1954, 1963, 1965, 1966, 1969, 1989, 1990, 2003, 2012, 2013",0
"California State University, Fresno (Fresno State)",110556,"(6) 1981, 1982, 1984, 2000*, 2001, 2016",0
"University of Nevada, Reno (Nevada)",182290,"(9) 1984, 1985, 2004, 2005, 2006, 2007, 2017, 2018, 2019",0
University of New Mexico,187985,"(15) 1968, 1974, 1978, 1991, 1993, 1994, 1996, 1997, 1998, 1999, 2005, 2010, 2012, 2013, 2014",0
San Diego State University,122409,"(12) 1975, 1976, 1985, 2002, 2006, 2010, 2011, 2012, 2013, 2014, 2018, 2021",0
San Jose State University,122755,"(3) 1951, 1980, 1996",0
"University of Nevada, Las Vegas (UNLV)",182281,"(20) 1975, 1976, 1977, 1983, 1984, 1985, 1986, 1987, 1988, 1989, 1990, 1991, 1998, 2000, 2007, 2008, 2010, 2011, 2012, 2013","(4) 1977, 1987, 1990, 1991"
Utah State University,230728,"(22) 1939, 1962, 1963, 1964, 1970, 1971, 1975, 1979, 1980, 1983, 1988, 1998, 2000, 2001, 2003, 2005, 2006, 2009, 2010, 2011, 2019, 2021",0
University of Wyoming,240727,"(15) 1941, 1943, 1947, 1948, 1949, 1952, 1953, 1958, 1967, 1981, 1982, 1987, 1988, 2002, 2015",(1) 1943
Bryant University,217165,0,0
Central Connecticut State University (Central Connecticut),128771,"(3) 2000, 2002, 2007",0
Fairleigh Dickinson University,184603,"(6) 1985, 1988, 1998, 2005, 2016, 2019",0
Long Island University (LIU),192448,"(7) 1981, 1984, 1997, 2011, 2012, 2013, 2018",0
Merrimack College[o],166850,0,0
Mount St. Mary's University,163462,"(6) 1995, 1999, 2008, 2014, 2017, 2021",0
Sacred Heart University,130253,0,0
St. Francis College (St. Francis Brooklyn),195173,0,0
Saint Francis University (Saint Francis (PA); alternately SFU),215743,(1) 1991,0
Wagner College,197197,(1) 2003,0
Austin Peay State University (Austin Peay),219602,"(7) 1973, 1974, 1987, 1996, 2003, 2008, 2016",0
Belmont University,219709,"(8) 2006, 2007, 2008, 2011, 2012, 2013, 2015, 2019",0
Eastern Illinois University,144892,"(2) 1992, 2001",0
Morehead State University,157386,"(8) 1956, 1957, 1961, 1983, 1984, 2009, 2011, 2021",0
Murray State University,157401,"(17) 1964, 1969, 1988, 1990, 1991, 1992, 1995, 1997, 1998, 1999, 2002, 2004, 2006, 2010, 2012, 2018, 2019",0
Southeast Missouri State University (alternately SEMO),179557,(1) 2000,0
Southern Illinois University Edwardsville (SIU Edwardsville or SIUE),149231,0,0
University of Tennessee at Martin (UT Martin),221768,0,0
Tennessee State University,221838,"(2) 1993, 1994",0
Tennessee Technological University (Tennessee Tech),221847,"(2) 1958, 1963",0
University of Arizona,104179,"(35) 1951, 1976, 1977, 1985, 1986, 1987, 1988, 1989, 1990, 1991, 1992, 1993, 1994, 1995, 1996, 1997, 1998, 1999*, 2000, 2001, 2002, 2003, 2004, 2005, 2006, 2007, 2008, 2009, 2011, 2013, 2014, 2015, 2016, 2017, 2018","(4) 1988, 1994, 1997, 2001"
Arizona State University,104151,"(16) 1958, 1961, 1962, 1963, 1964, 1973, 1975, 1980, 1981, 1991, 1995, 2003, 2009, 2014, 2018, 2019",0
"University of California, Berkeley (California)",110635,"(19) 1946, 1957, 1958, 1959, 1960, 1990, 1993, 1994, 1996, 1997, 2001, 2002, 2003, 2006, 2009, 2010, 2012, 2013, 2016","(3) 1946, 1959, 1960"
University of Colorado Boulder (Colorado),126614,"(15) 1940, 1942, 1946, 1954, 1955, 1962, 1963, 1969, 1997, 2003, 2012, 2013, 2014, 2016, 2021","(2) 1942, 1955"
University of Oregon,209551,"(17) 1939, 1945, 1960, 1961, 1995, 2000, 2002, 2003, 2007, 2008, 2013, 2014, 2015, 2016, 2017, 2019, 2021","(2) 1939, 2017"
Oregon State University,209542,"(18) 1947, 1949, 1955, 1962, 1963, 1964, 1966, 1975, 1980, 1981, 1982, 1984, 1985, 1988, 1989, 1990, 2016, 2021","(2) 1949, 1963"
Stanford University,243744,"(17) 1942, 1989, 1992, 1995, 1996, 1997, 1998, 1999, 2000, 2001, 2002, 2003, 2004, 2005, 2007, 2008, 2014","(2) 1942, 1998"
"University of California, Los Angeles (UCLA)",110662,"(49) 1950, 1952, 1956, 1962, 1963, 1964, 1965, 1967, 1968, 1969, 1970, 1971, 1972, 1973, 1974, 1975, 1976, 1977, 1978, 1979, 1980, 1981, 1983, 1987, 1989, 1990, 1991, 1992, 1993, 1994, 1995, 1996, 1997, 1998, 1999*, 2000, 2001, 2002, 2005, 2006, 2007, 2008, 2009, 2011, 2013, 2014, 2017, 2018, 2021","(19) 1962, 1964, 1965, 1967, 1968, 1969, 1970, 1971, 1972, 1973, 1974, 1975, 1976, 1980, 1995, 2006, 2007, 2008, 2021"
University of Southern California (USC),123961,"(19) 1940, 1954, 1960, 1961, 1979, 1982, 1985, 1991, 1992, 1997, 2001, 2002, 2007, 2008, 2009, 2011, 2016, 2017, 2021","(2) 1940, 1954"
University of Utah,230764,"(30) 1944, 1945, 1955, 1956, 1959, 1960, 1961, 1966, 1977, 1978, 1979, 1981, 1983, 1986, 1991, 1993, 1995, 1996, 1997, 1998, 1999, 2000, 2002, 2003, 2004, 2005, 2009, 2015, 2016","(4) 1944, 1961, 1966, 1998"
University of Washington,236948,"(17) 1943, 1948, 1951, 1953, 1976, 1984, 1985, 1986, 1998, 1999, 2004, 2005, 2006, 2009, 2010, 2011, 2019",(1) 1953
Washington State University,236939,"(6) 1941, 1980, 1983, 1994, 2007, 2008",(1) 1941
American University,131159,"(3) 2008, 2009, 2014",0
United States Military Academy (Army or Army West Point),197036,0,0
Boston University,164988,"(7) 1959, 1983, 1988, 1990, 1997, 2002, 2011",0
Bucknell University,211291,"(8) 1987, 1989, 2005, 2006, 2011, 2013, 2017, 2018",0
Colgate University,190099,"(4) 1995, 1996, 2019, 2021",0
College of the Holy Cross,166124,"(13) 1947, 1948, 1950, 1953, 1956, 1977, 1980, 1993, 2001, 2002, 2003, 2007, 2016","(2) 1947, 1948"
Lafayette College,213385,"(4) 1957, 1999, 2000, 2015",0
Lehigh University,213543,"(5) 1985, 1988, 2004, 2010, 2012",0
Loyola University Maryland (Loyola–Maryland),163046,"(2) 1994, 2012",0
United States Naval Academy (Navy),164155,"(11) 1947, 1953, 1954, 1959, 1960, 1985, 1986, 1987, 1994, 1997, 1998",0
University of Alabama,100751,"(22) 1975, 1976, 1982, 1983, 1984, 1985, 1986, 1987, 1989, 1990, 1991, 1992, 1994, 1995, 2002, 2003, 2004, 2005, 2006, 2012, 2018, 2021",0
University of Arkansas,106397,"(33) 1941, 1945, 1949, 1958, 1977, 1978, 1979, 1980, 1981, 1982, 1983, 1984, 1985, 1988, 1989, 1990, 1991, 1992, 1993, 1994, 1995, 1996, 1998, 1999, 2000, 2001, 2006, 2007, 2008, 2015, 2017, 2018, 2021","(6) 1941, 1945, 1978, 1990, 1994, 1995"
Auburn University,100858,"(10) 1984, 1985, 1986, 1987, 1988, 1999, 2000, 2003, 2018, 2019",(1) 2019
University of Florida,134130,"(23) 1987, 1988, 1989, 1994, 1995, 1999, 2000, 2001, 2002, 2003, 2004, 2005, 2006, 2007, 2010, 2011, 2012, 2013, 2014, 2017, 2018, 2019, 2021","(5) 1994, 2000, 2006, 2007, 2014"
University of Georgia,139959,"(11) 1983, 1985*, 1987, 1990, 1991, 1996, 1997, 2001, 2002*, 2008, 2011",(1) 1983
University of Kentucky,157085,"(58) 1942, 1945, 1948, 1949, 1951, 1952, 1955, 1956, 1957, 1958, 1959, 1961, 1962, 1964, 1966, 1968, 1969, 1970, 1971, 1972, 1973, 1975, 1977, 1978, 1980, 1981, 1982, 1983, 1984, 1985, 1986, 1987, 1992, 1993, 1994, 1995, 1996, 1997, 1998, 1999, 2000, 2001, 2002, 2003, 2004, 2005, 2006, 2007, 2008, 2010, 2011, 2012, 2014, 2015, 2016, 2017, 2018, 2019","(17) 1942, 1948, 1949, 1951, 1958, 1966, 1975, 1978, 1984, 1993, 1996, 1997, 1998, 2011, 2012, 2014, 2015"
Louisiana State University (LSU),159391,"(22) 1953, 1954, 1979, 1980, 1981, 1984, 1985, 1986, 1987, 1988, 1989, 1990, 1991, 1992, 1993, 2000, 2003, 2005, 2006, 2009, 2019, 2021","(4) 1953, 1981, 1986, 2006"
University of Mississippi (Ole Miss),176017,"(8) 1981, 1997, 1998, 1999, 2001, 2002, 2013, 2019",0
Mississippi State University,176080,"(11) 1963, 1991, 1995, 1996, 2002, 2003, 2004, 2005, 2008, 2009, 2019",(1) 1996
University of Missouri,178396,"(28) 1944, 1976, 1978, 1980, 1981, 1982, 1983, 1986, 1987, 1988, 1989, 1990, 1992, 1993, 1994*, 1995, 1999, 2000, 2001, 2002, 2003, 2009, 2010, 2011, 2012, 2013, 2018, 2021",0
University of South Carolina,218663,"(9) 1971, 1972, 1973, 1974, 1989, 1997, 1998, 2004, 2017",(1) 2017
University of Tennessee,221759,"(23) 1967, 1976, 1977, 1979, 1980, 1981, 1982, 1983, 1989, 1998, 1999, 2000, 2001, 2006, 2007, 2008, 2009, 2010, 2011, 2014, 2018, 2019, 2021",0
Texas A&M University,228723,"(14) 1951, 1964, 1969, 1975, 1980, 1987, 2006, 2007, 2008, 2009, 2010, 2011, 2016, 2018",0
Vanderbilt University,221999,"(15) 1965, 1974, 1988, 1989, 1991, 1993, 1997, 2004, 2007, 2008, 2010, 2011, 2012, 2016, 2017",0
University of Tennessee at Chattanooga (Chattanooga),221740,"(10) 1981, 1982, 1983, 1988, 1993, 1994, 1995, 2005, 2009, 2016",0
The Citadel,217864,0,0
East Tennessee State University (alternately ETSU),220075,"(10) 1968, 1989, 1990, 1991, 1992, 2003, 2004, 2009, 2010, 2017",0
Furman University,218070,"(6) 1971, 1973, 1974, 1975, 1978, 1980",0
Mercer University,140447,"(3) 1981, 1985, 2014",0
Samford University,102049,"(2) 1999, 2000",0
University of North Carolina at Greensboro (UNCG or UNC Greensboro),199148,"(4) 1996, 2001, 2018, 2021",0
Virginia Military Institute (VMI),234085,"(3) 1964, 1976, 1977",0
Western Carolina University,200004,(1) 1996,0
Wofford College,218973,"(5) 2010, 2011, 2014, 2015, 2019",0
Houston Baptist University,225399,(1) 1984,0
University of the Incarnate Word (alternately UIW),225627,0,0
McNeese State University,159717,"(2) 1989, 2002",0
University of New Orleans,159939,"(5) 1987, 1991, 1993, 1996, 2017",0
Nicholls State University (Nicholls),159966,"(2) 1995, 1998",0
Northwestern State University,160038,"(3) 2001, 2006, 2013",0
Southeastern Louisiana University,160612,(1) 2005,0
Texas A&M University-Corpus Christi,224147,(1) 2007,0
Alabama Agricultural and Mechanical University (Alabama A&M),100654,(1) 2005,0
Alabama State University,100724,"(4) 2001, 2004, 2009, 2011",0
Alcorn State University,175342,"(6) 1980, 1982, 1983, 1984, 1999, 2002",0
University of Arkansas at Pine Bluff (Arkansas–Pine Bluff),106412,(1) 2010,0
Bethune–Cookman University,132602,0,0
Florida Agricultural and Mechanical University (Florida A&M),133650,"(3) 1999, 2004, 2007",0
Grambling State University,159009,0,0
Jackson State University,175856,"(3) 1997, 2000, 2007",0
Mississippi Valley State University,176044,"(5) 1986, 1992, 1996, 2008, 2012",0
Prairie View A&M University,227526,"(2) 1998, 2019",0
Southern University,160621,"(9) 1981, 1985, 1987, 1988, 1989, 1993, 2006, 2013, 2016",0
Texas Southern University,229063,"(9) 1990, 1994, 1995, 2003, 2014, 2015, 2017, 2018, 2021",0
University of Denver,127060,0,0
University of Missouri–Kansas City (Kansas City),178402,0,0
University of North Dakota,200280,(1) 2017,0
North Dakota State University,200332,"(4) 2009, 2014, 2015, 2019",0
University of Nebraska Omaha,181394,0,0
Oral Roberts University,207582,"(6) 1974, 1984, 2006, 2007, 2008, 2021",0
University of St. Thomas[q],227863,0,0
University of South Dakota,219471,0,0
South Dakota State University,219356,"(5) 2012, 2013, 2016, 2017, 2018",0
Western Illinois University,149772,0,0
Appalachian State University,197869,"(3) 1979, 2000, 2021",0
Arkansas State University,106458,(1) 1999,0
Coastal Carolina University,218724,"(4) 1991, 1993, 2014, 2015",0
Georgia Southern University,139931,"(3) 1983, 1987, 1992",0
Georgia State University,139940,"(5) 1991, 2001, 2015, 2018, 2019",0
University of Arkansas at Little Rock (Little Rock),106245,"(5) 1986, 1989, 1990, 2011, 2016",0
University of Louisiana at Lafayette (Louisiana),160658,"(6) 1982, 1983, 1992, 1994, 2000, 2014",0
University of Louisiana at Monroe (Louisiana–Monroe or ULM),159993,"(7) 1982, 1986, 1990, 1991, 1992, 1993, 1996",0
University of South Alabama,102094,"(8) 1979, 1980, 1989, 1991, 1997, 1998, 2006, 2008",0
University of Texas at Arlington (UT Arlington),228769,(1) 2008,0
Texas State University,228459,"(2) 1994, 1997",0
Troy University,102368,"(2) 2003, 2017",0
Brigham Young University (BYU),230038,"(30) 1950, 1951, 1957, 1965, 1969, 1971, 1972, 1979, 1980, 1981, 1984, 1987, 1988, 1990, 1991, 1992, 1993, 1995, 2001, 2003, 2004, 2007, 2008, 2009, 2010, 2011, 2012, 2014, 2021",0
Gonzaga University,235316,"(23) 1995, 1999, 2000, 2001, 2002, 2003, 2004, 2005, 2006, 2007, 2008, 2009, 2010, 2011, 2012, 2013, 2014, 2015, 2016, 2017, 2018, 2019, 2021","(2) 2017, 2021"
Loyola Marymount University,117946,"(5) 1961, 1980, 1988, 1989, 1990",0
University of the Pacific,209612,"(9) 1966, 1967, 1971, 1979, 1997, 2004, 2005, 2006, 2013",0
Pepperdine University,121150,"(13) 1944, 1962, 1976, 1982, 1983, 1985, 1986, 1991, 1992, 1994, 2000, 2002",0
University of Portland,209825,"(2) 1959, 1996",0
Saint Mary's College of California (Saint Mary's),123554,"(10) 1959, 1989, 1997, 2005, 2008, 2010, 2012, 2013, 2017, 2019",0
University of San Diego,122436,"(4) 1984, 1987, 2003, 2008",0
University of San Francisco,122612,"(15) 1955, 1956, 1957, 1963, 1964, 1965, 1972, 1973, 1974, 1977, 1978, 1979, 1981, 1982, 1998","(3) 1955, 1956, 1957"
Santa Clara University,122931,"(11) 1952, 1953, 1954, 1960, 1968, 1969, 1970, 1987, 1993, 1995, 1996",(1) 1952
Abilene Christian University,222178,"(2) 2019, 2021",0
California Baptist University (alternately CBU)[f],110361,0,0
Chicago State University,144005,0,0
Dixie State University[d][t],230171,0,0
Grand Canyon University,104717,(1) 2021,0
Lamar University,226091,"(6) 1979, 1980, 1981, 1983, 2000, 2012",0
New Mexico State University,188030,"(25) 1952, 1959, 1960, 1967, 1968, 1969, 1970, 1971, 1975, 1979, 1990, 1991, 1992*, 1993*, 1994*, 1999, 2007, 2010, 2012, 2013, 2014, 2015, 2017, 2018, 2019",(1) 1970
Sam Houston State University,227881,"(2) 2003, 2010",0
Seattle University,236595,"(11) 1953, 1954, 1955, 1956, 1958, 1961, 1962, 1963, 1964, 1967, 1969",(1) 1958
Stephen F. Austin State University (Stephen F. Austin),228431,"(5) 2009, 2014, 2015, 2016, 2018",0
Tarleton State University[d],228529,0,0
Utah Valley University,230737,0,0
University of Texas Rio Grande Valley (UTRGV),227368,0,0